District,Tehsil,Village,Survey no.,Textual record,Land type,Spatial record,Mutation record,Joint titling
Balod,Balod,Khairtarai,236,Y,abadi,N,Y,
Balod,Balod,Sundra,330,Y,abadi,N,Y,
Balod,Gurur,Pikaripar,261,Y,govt,Y,Y,
Balod,Gurur,Sangli,817,Y,govt,Y,Y,
Balodabazar-Bhatapara,Balodabazar,Kokadi,780,,,,,
Balodabazar-Bhatapara,Balodabazar,Khairghata,176,Y,private-agri,Y,Y,N
Balodabazar-Bhatapara,Sonakhan,Sonakhan,-,,,,,
Balodabazar-Bhatapara,Sonakhan,Pakrid,81,,,,,
Balrampur-Ramanujganj,Balrampur,Tangar Mahari,182,Y,govt,Y,Y,
Balrampur-Ramanujganj,Balrampur,Turridih,210,Y,govt,N,Y,
Balrampur-Ramanujganj,Raghunathnagar,Gurmuti,20,Y,govt,Y,Y,
Balrampur-Ramanujganj,Raghunathnagar,Lodhi,232,Y,govt,Y,Y,
Bemetara,Bemetara,Hathmudi,150,Y,private-agri,Y,Y,
Bemetara,Bemetara,Tala,275,Y,govt,Y,Y,
Bemetara,Bhimbhauri,Nawagaon,49,Y,private-agri,Y,Y,N
Bemetara,Bhimbhauri,Kota,248,Y,govt,Y,Y,
Bilaspur,Bodri,Nagpura,249,Y,govt,Y,Y,
Bilaspur,Bodri,Khapra Khol,15/4,Y,govt,Y,Y,
Bilaspur,Takhatpur,Sagar,666,Y,govt,Y,Y,
Bilaspur,Takhatpur,Limhi,105,Y,private-agri,Y,Y,
Dakshin Bastar Dantewada,Gidam,Jhodiyawadam,-,N,,,,
Dakshin Bastar Dantewada,Gidam,Siyanar,-,N,,,,
Dakshin Bastar Dantewada,Barsur,Gutoli,-,N,,,,
Dakshin Bastar Dantewada,Barsur,Chhindnar,-,N,,,,
Dhamtari,Dhamtari,Ratna Bandha (Og),148,Y,govt,Y,Y,
Dhamtari,Dhamtari,Shyamtrai (Og),480,,,,,
Dhamtari,Nagri,Gondlanala,173,Y,govt,Y,Y,
Dhamtari,Nagri,Gendra,445,Y,govt,Y,Y,
Durg,Durg,Belaudi,-,N,,,,
Durg,Durg,Malood,374,Y,govt,Y,Y,
Durg,Patan,Parewadih,-,N,,,,
Durg,Patan,Mahka Khurd,-,N,,,,
Gariyaband,Gariyaband,Bhaisamuda,30,Y,abadi,Y,Y,
Gariyaband,Gariyaband,Gahandar,36,Y,govt,Y,Y,
Gariyaband,Mainpur,Kodomali,-,N,,,,
Gaurela-Pendra-Marwahi,Pendra Road,Khodri,34,Y,govt,Y,Y,
Gaurela-Pendra-Marwahi,Marwahi,Mahora,251,Y,abadi,Y,Y,
Gaurela-Pendra-Marwahi,Marwahi,Andi,439,Y,abadi,Y,Y,
Janjgir-Champa,Janjgir,Khaira,130,Y,govt,N,Y,
Janjgir-Champa,Janjgir,Sarkhon,1584/2,Y,govt,Y,Y,
Janjgir-Champa,Pamgarh,Chorbhatti,268/2,Y,govt,Y,Y,
Janjgir-Champa,Pamgarh,Jogidipa,94,Y,govt,Y,Y,
Jashpur,Kunkuri,Dumartoli,-,,,,,
Jashpur,Kunkuri,Bhelwatoli,-,,,,,
Jashpur,Bagicha,Jurgum,-,,,,,
Kabeerdham,Kawardha,Talpur (Part),24/4 ??.?. 30/3,N,,,,
Kabeerdham,Kawardha,Ghothiya (Part),-,N,,,,
Kabeerdham,Kukdur,Ghoghra Kalan,62,Y,govt,Y,Y,
Kabeerdham,Kukdur,Murki,102,Y,govt,Y,Y,
Khairagarh-Chhuikhadan-Gandai,Khairagarh,Muska,82,Y,govt,Y,Y,
Khairagarh-Chhuikhadan-Gandai,Khairagarh,Hirawahi,108,Y,govt,Y,Y,
Khairagarh-Chhuikhadan-Gandai,Salhewara,Gerukhadan,68,Y,govt,Y,Y,
Khairagarh-Chhuikhadan-Gandai,Salhewara,Murum,32,Y,abadi,Y,Y,
Kondagaon,Makdi,Torondi,138,Y,govt,Y,Y,
Kondagaon,Makdi,Chhatodi,1/83,Y,govt,Y,Y,
Kondagaon,Baderajpur,Marangpuri,185,Y,govt,Y,Y,
Kondagaon,Baderajpur,Hatma,94/1,Y,govt,N,Y,
Korba,Korba,Kudurmal,-,N,,,,
Korba,Korba,Devermal,-,N,,,,
Korba,Pasan,Sirki,136,Y,govt,Y,Y,
Korba,Pasan,Jatga,-,Y,private-agri,N,Y,N
Korea,Baikunthpur,Amapara,678,,,,,
Korea,Baikunthpur,Salka,235/1,,,,,
Korea,Sonhat,Kerajharia,62,,,,,
Korea,Sonhat,Angwahi,109,,,,,
Mahasamund,Mahasamund,Kharora,1083,Y,govt,Y,Y,
Mahasamund,Mahasamund,Paterapali,373,Y,govt,Y,Y,
Mahasamund,Saraipali,Saraipali,-,N,,,,
Mahasamund,Saraipali,Gidhamuda,25,Y,private-agri,Y,Y,Y
Mohla-Manpur-Ambagarh Chouki,Mohla,Bhursatola,81,Y,govt,Y,Y,
Mohla-Manpur-Ambagarh Chouki,Mohla,Thelkadand,27,Y,private-agri,Y,Y,
Mohla-Manpur-Ambagarh Chouki,Aundhi,Alkanhar,47,Y,govt,Y,Y,
Narayanpur,Narayanpur,Karalkha,145/1,Y,govt,Y,Y,
Narayanpur,Narayanpur,Dugabengal,310,Y,govt,Y,Y,
Narayanpur,Chhotedongar,Kanera,2,Y,govt,Y,Y,
Rajnandgaon,Dongargaon,Sangin Kachhar,373,,,,,
Rajnandgaon,Chhuriya,Janakpur,226,Y,govt,Y,Y,
Rajnandgaon,Chhuriya,Kubradih,88,Y,private-agri,Y,Y,N
Sakti,Sakti,Harethi,451,Y,private-agri,N,Y,N
Sakti,Sakti,Sipahimuda,194,Y,govt,N,Y,
Sakti,Chandrapur,Darri,42,Y,abadi,Y,Y,
Sakti,Chandrapur,Baghanipali,182/1,Y,abadi,Y,Y,
Surajpur,Surajpur,Nareshpur,49,Y,govt,Y,Y,
Surajpur,Surajpur,Bharatpur,583,Y,govt,Y,Y,
Surajpur,Biharpur,Kolhuwa,1,Y,govt,Y,Y,
Surajpur,Biharpur,Biharpur,1,Y,govt,Y,Y,
Surguja,Ambikapur,Bishunpur,-,N,,,,
Surguja,Ambikapur,Manik Prakashpur Alias Khukhari,-,N,,,,
Surguja,Sitapur,Sontarai,-,N,,,,
Surguja,Sitapur,Murta,-,N,,,,
