district,taluka,village,survey_no,boja_charge,note
Ahmedabad,Daskroi,Bilasiya (Og),350,,
Amreli,Amreli,Mangvapal,50,,
Anand,Anand Rural,Hadgood (Ct),200150,,
Arvalli,Modasa,Sabalpur,140050,,
Banas Kantha,Palanpur,Sadarpur,350,,
Bharuch,Jambusar,Kundhal,150,,
Bhavnagar,Bhavnagar,Shampara(Sidsar),150,,
Botad,Barwala,Refda,331,,
Chhotaudepur,Sankheda,Sinhadra,50,,
Dahod,Dohad,Ukardi,137,,
Dangs,Ahwa,Nilsakiya,117,,
Devbhumi Dwarka,Okhamandal,Positra,349,,
Gandhinagar,Gandhinagar,Pundarasan,338,,
Gir Somnath,Patan-Veraval,Inaj,516,,
Jamnagar,Jamnagar Rural,Dhinchda,721,,
Junagadh,Junagadh,Padariya,244,,
Kachchh,Rapar,Sarasla,50,,
Kheda,Nadiad,Yoginagar,141,,
Mahesana,Mahesana,Heduva Hanumat,50,,
Mahisagar,Lunawada,Pankhi,3,,
Morbi,Morvi,Dharampur,138,,
Narmada,Nandod,Ramgadh,330,,
Navsari,Navsari,Kasbapar,50050,,
Panch Mahals,Jambughoda,Dandiapura,4,,
Patan,Santalpur,Dhrandva,50,,
Porbandar,Porbandar,Ratanpar,219,,
Rajkot,Upleta,Timbadi Jam,520,,
Sabar Kantha,Poshina,Lambadiya,350,,
Surat,Umarpada,Pada,2,,
Surendranagar,Wadhwan,Khamisana,550,,
Tapi,Vyara,Bhatpur,46,,
Vadodara,Vadodara Rural,Shankarpura,149,,
