District,Taluka,Village,Survey no.,Textual record (VF-7 exists),Sampled survey on portal,Boja (charge)
Ahmedabad,Daskroi,Khodiyar,,,,captcha-gated — see gj_sampler
Ahmedabad,Daskroi,Bilasiya (Og),SV350,Y,N,captcha-gated — see gj_sampler
Ahmedabad,Dhandhuka,Fedra,SV950,,,captcha-gated — see gj_sampler
Ahmedabad,Dhandhuka,Ratanpur,SV150,,,captcha-gated — see gj_sampler
Amreli,Amreli,Giriya,NA68Pack 2/Pack 1/ Pack 1/50,Y,N,captcha-gated — see gj_sampler
Amreli,Amreli,Mangvapal,SV50,Y,N,captcha-gated — see gj_sampler
Amreli,Jafrabad,Fachariya,SV49,Y,Y,captcha-gated — see gj_sampler
Amreli,Jafrabad,Sarovarda,SV29,Y,Y,captcha-gated — see gj_sampler
Anand,Anand Rural,Hadgood (Ct),200150,,,captcha-gated — see gj_sampler
Anand,Anand Rural,Jitodiya (Part),NA19/1/1/Pack 4/50,,,captcha-gated — see gj_sampler
Anand,Tarapur,Jalla,SV550,Y,Y,captcha-gated — see gj_sampler
Anand,Tarapur,Mobha,SV450,Y,Y,captcha-gated — see gj_sampler
Arvalli,Modasa,Sabalpur,140050,Y,N,captcha-gated — see gj_sampler
Arvalli,Modasa,Palanpur,NA 183/ 150,Y,N,captcha-gated — see gj_sampler
Arvalli,Bayad,Dolpur (Gabat),SV50,Y,Y,captcha-gated — see gj_sampler
Arvalli,Bayad,Hematral,SV17,Y,Y,captcha-gated — see gj_sampler
Banas Kantha,Palanpur,Sadarpur,SV350,Y,N,captcha-gated — see gj_sampler
Banas Kantha,Palanpur,Lunwa,SV150,Y,Y,captcha-gated — see gj_sampler
Banas Kantha,Suigam,Bhatasana,,,,captcha-gated — see gj_sampler
Banas Kantha,Suigam,Khadol,,,,captcha-gated — see gj_sampler
Bharuch,Bharuch,Rahadpor,NA35-4/1+2+3+4+5/50,Y,N,captcha-gated — see gj_sampler
Bharuch,Bharuch,Vadadla,NA 125/1/50,Y,N,captcha-gated — see gj_sampler
Bharuch,Jambusar,Kundhal,SV150,Y,Y,captcha-gated — see gj_sampler
Bharuch,Jambusar,Mahapara,SV50,Y,Y,captcha-gated — see gj_sampler
Bhavnagar,Bhavnagar,Shampara(Sidsar),SV150,Y,N,captcha-gated — see gj_sampler
Bhavnagar,Bhavnagar,Fariyadka,SV150,Y,Y,captcha-gated — see gj_sampler
Bhavnagar,Mahuva,Kotiya,SV49,Y,N,captcha-gated — see gj_sampler
Bhavnagar,Mahuva,Kalmodar,SV47,Y,N,captcha-gated — see gj_sampler
Botad,Botad,Nagalpar,NA127p2,Y,N,captcha-gated — see gj_sampler
Botad,Botad,Hadadad,NA10/2/50,Y,N,captcha-gated — see gj_sampler
Botad,Barwala,Refda,SV331,Y,Y,captcha-gated — see gj_sampler
Botad,Barwala,Chanchariya,SV150,Y,Y,captcha-gated — see gj_sampler
Chhotaudepur,Chhota Udaipur,Manka (Chhota Udaipur),NA49,Y,N,captcha-gated — see gj_sampler
Chhotaudepur,Chhota Udaipur,Vasedi,NA 4/1 Pack 1/50,Y,N,captcha-gated — see gj_sampler
Chhotaudepur,Sankheda,Sinhadra,SV50,Y,Y,captcha-gated — see gj_sampler
Chhotaudepur,Sankheda,Vadadla (Chorangla),SV105,Y,Y,captcha-gated — see gj_sampler
Dahod,Dohad,Usarvan (Part),,,,captcha-gated — see gj_sampler
Dahod,Dohad,Ukardi,SV137,,,captcha-gated — see gj_sampler
Dahod,Fatepura,Afava,,Y,N,captcha-gated — see gj_sampler
Dahod,Fatepura,Sukhsar,,,,captcha-gated — see gj_sampler
Dangs,Ahwa,Nilsakiya,SV117,,,captcha-gated — see gj_sampler
Dangs,Ahwa,Borkhet,SV49,,,captcha-gated — see gj_sampler
Dangs,Subir,Chikhli (Lavchalisaja),SV123,Y,Y,captcha-gated — see gj_sampler
Dangs,Subir,Hindla,SV146,Y,Y,captcha-gated — see gj_sampler
Devbhumi Dwarka,Khambhalia,Haripar,NA444/50,Y,N,captcha-gated — see gj_sampler
Devbhumi Dwarka,Khambhalia,Shaktinagar (Ct),NA27/350,Y,N,captcha-gated — see gj_sampler
Devbhumi Dwarka,Okhamandal,Positra,SV349,,,captcha-gated — see gj_sampler
Devbhumi Dwarka,Okhamandal,Aniari,,,,captcha-gated — see gj_sampler
Gandhinagar,Gandhinagar,Pundarasan,SV338,Y,Y,captcha-gated — see gj_sampler
Gandhinagar,Gandhinagar,Prantiya,SV750,Y,N,captcha-gated — see gj_sampler
Gandhinagar,Mansa,Sobhasan,SV519,Y,N,captcha-gated — see gj_sampler
Gandhinagar,Mansa,Soja,NA343,Y,N,captcha-gated — see gj_sampler
Gir Somnath,Patan-Veraval,Inaj,SV516,Y,N,captcha-gated — see gj_sampler
Gir Somnath,Patan-Veraval,Govindpara,NA115/P1/P1/P1,Y,N,captcha-gated — see gj_sampler
Gir Somnath,Una,Lerka,SV344,Y,N,captcha-gated — see gj_sampler
Gir Somnath,Una,Simasi,NA141/P2/P1/P1,Y,N,captcha-gated — see gj_sampler
Jamnagar,Jamnagar Rural,Dhinchda,SV721,,,captcha-gated — see gj_sampler
Jamnagar,Jamnagar Rural,Kansumara,SV537,,,captcha-gated — see gj_sampler
Jamnagar,Jamjodhpur,Luvarsar,SV150,Y,Y,captcha-gated — see gj_sampler
Jamnagar,Jamjodhpur,Laloi,SV148,Y,Y,captcha-gated — see gj_sampler
Junagadh,Junagadh,Padariya,SV244,Y,N,captcha-gated — see gj_sampler
Junagadh,Junagadh,Khalilpur,SV217,Y,Y,captcha-gated — see gj_sampler
Junagadh,Mangrol,Langad,SV150,Y,Y,captcha-gated — see gj_sampler
Junagadh,Mangrol,Darsali,SV135,Y,N,captcha-gated — see gj_sampler
Kachchh,Bhuj,Mirjhapar (Ct),,,,captcha-gated — see gj_sampler
Kachchh,Bhuj,Madhapar (Ct),NA 68/50,,,captcha-gated — see gj_sampler
Kachchh,Rapar,Sarasla,SV50,,,captcha-gated — see gj_sampler
Kachchh,Rapar,Suvai,SV150,,,captcha-gated — see gj_sampler
Kheda,Nadiad,Yoginagar,SV141,Y,Y,captcha-gated — see gj_sampler
Kheda,Nadiad,Dumral,NA 433/1+2+3/35,Y,N,captcha-gated — see gj_sampler
Kheda,Kapadvanj,Dana,SV27,Y,Y,captcha-gated — see gj_sampler
Kheda,Kapadvanj,Vasna,SV27,Y,Y,captcha-gated — see gj_sampler
Mahesana,Mahesana,Ramosana,NA196 Pack 1/50,Y,N,captcha-gated — see gj_sampler
Mahesana,Mahesana,Heduva Hanumat,SV50,Y,Y,captcha-gated — see gj_sampler
Mahesana,Satlasana,Galalpur,SV50,Y,Y,captcha-gated — see gj_sampler
Mahesana,Satlasana,Nijhampur,SV50,Y,Y,captcha-gated — see gj_sampler
Mahisagar,Lunawada,Pankhi,SV3,Y,Y,captcha-gated — see gj_sampler
Mahisagar,Lunawada,Dholi,,Y,N,captcha-gated — see gj_sampler
Mahisagar,Balasinor,Dhanela,SV3,Y,Y,captcha-gated — see gj_sampler
Mahisagar,Balasinor,Pandva,NA 1244/1,Y,N,captcha-gated — see gj_sampler
Morbi,Morvi,Dharampur,SV138,Y,Y,captcha-gated — see gj_sampler
Morbi,Morvi,Ravapara (Ct),SV214,Y,N,captcha-gated — see gj_sampler
Morbi,Halvad,Ratabhe,SV150,Y,Y,captcha-gated — see gj_sampler
Morbi,Halvad,Vankiya,SV116,Y,N,captcha-gated — see gj_sampler
Narmada,Nandod,Ramgadh,SV330,Y,N,captcha-gated — see gj_sampler
Narmada,Nandod,Chitravadi,NA42,Y,N,captcha-gated — see gj_sampler
Narmada,Sagbara,Nalakund,SV150,Y,Y,captcha-gated — see gj_sampler
Narmada,Sagbara,Dudhliver,SV150,Y,N,captcha-gated — see gj_sampler
Navsari,Navsari,Kasbapar,50050,Y,N,captcha-gated — see gj_sampler
Navsari,Navsari,Tighra,,,,captcha-gated — see gj_sampler
Navsari,Bansda,Vandarvela,SV29,,,captcha-gated — see gj_sampler
Navsari,Bansda,Rupvel,SV35,,,captcha-gated — see gj_sampler
Panch Mahals,Godhra,Lilesara,NA15/1Pack1/50,Y,N,captcha-gated — see gj_sampler
Panch Mahals,Godhra,Bamroli Khurd,NA97/2/Package3/47,Y,N,captcha-gated — see gj_sampler
Panch Mahals,Jambughoda,Dandiapura,SV4,Y,Y,captcha-gated — see gj_sampler
Panch Mahals,Jambughoda,Nizaran Dilgam,NA25/50,Y,N,captcha-gated — see gj_sampler
Patan,Patan City,Hansapur (Part),NA72/2p1/50,Y,N,captcha-gated — see gj_sampler
Patan,Patan City,Anavada,NA1080p1/p1/40,Y,N,captcha-gated — see gj_sampler
Patan,Santalpur,Dhrandva,SV50,Y,Y,captcha-gated — see gj_sampler
Patan,Santalpur,Ganjisar,SV426,Y,Y,captcha-gated — see gj_sampler
Porbandar,Porbandar,Zaver (Part),,,,captcha-gated — see gj_sampler
Porbandar,Porbandar,Ratanpar,SV219,Y,Y,captcha-gated — see gj_sampler
Porbandar,Kutiyana,Segras,SV150,Y,Y,captcha-gated — see gj_sampler
Porbandar,Kutiyana,Mahobatpara,,Y,N,captcha-gated — see gj_sampler
Rajkot,Rajkot,Ronki,NA29p1p1/50,Y,N,captcha-gated — see gj_sampler
Rajkot,Rajkot,Sokhada,NA103p1/45,Y,N,captcha-gated — see gj_sampler
Rajkot,Upleta,Timbadi Jam,SV520,,,captcha-gated — see gj_sampler
Rajkot,Upleta,Vadali,SV50,Y,N,captcha-gated — see gj_sampler
Sabar Kantha,Himatnagar,Balvantpura,NA73/50,Y,N,captcha-gated — see gj_sampler
Sabar Kantha,Himatnagar,Katwad,NA548feb 2/9,Y,N,captcha-gated — see gj_sampler
Sabar Kantha,Poshina,Lambadiya,SV350,Y,N,captcha-gated — see gj_sampler
Surat,Chorasi,Khambhasla,NA64/A/Package 1/50,Y,N,captcha-gated — see gj_sampler
Surat,Chorasi,Mohni,NA242,Y,N,captcha-gated — see gj_sampler
Surat,Umarpada,Pada,SV2,Y,Y,captcha-gated — see gj_sampler
Surat,Umarpada,Umarjhar,SV45,Y,Y,captcha-gated — see gj_sampler
Surendranagar,Wadhwan,Khamisana,SV550,Y,N,captcha-gated — see gj_sampler
Surendranagar,Wadhwan,Mulchand,NA246P/49,Y,N,captcha-gated — see gj_sampler
Surendranagar,Dasada,Nagadka,NA120/P1/50,Y,N,captcha-gated — see gj_sampler
Surendranagar,Dasada,Kherva,NA1426/50,Y,N,captcha-gated — see gj_sampler
Tapi,Vyara,Bhatpur,SV46,Y,Y,captcha-gated — see gj_sampler
Tapi,Vyara,Musa,NA423/003/50,Y,N,captcha-gated — see gj_sampler
Tapi,Kukarmunda,Borikuwa,SV122,Y,N,captcha-gated — see gj_sampler
Tapi,Kukarmunda,Fulwadi,SV150,Y,Y,captcha-gated — see gj_sampler
Vadodara,Vadodara Rural,Shankarpura,SV149,Y,N,captcha-gated — see gj_sampler
Vadodara,Vadodara Rural,Alhadpura,SV217,Y,Y,captcha-gated — see gj_sampler
Vadodara,Desar,Shihora,SV250,Y,Y,captcha-gated — see gj_sampler
Vadodara,Desar,Sandhasal,SV347,Y,Y,captcha-gated — see gj_sampler
Valsad,Valsad,Kosamba,NA50/50,Y,N,captcha-gated — see gj_sampler
Valsad,Valsad,Tithal (Og),NA115/2/2/5,Y,N,captcha-gated — see gj_sampler
Valsad,Dharampur,Tiskari Talat,NA18,Y,N,captcha-gated — see gj_sampler
Valsad,Dharampur,Rajpuri Talat,,Y,N,captcha-gated — see gj_sampler
