District,Taluka,Village,Survey no.,Textual record — sheet,Textual record — portal,Textual: match?,Sampled survey on portal?,Spatial record — sheet,Joint titling — sheet,Note
Ahmedabad,Daskroi,Khodiyar,nan,N,,,,,,village not matched (uncomparable)
Ahmedabad,Daskroi,Bilasiya (Og),SV350,Y,Y,OK,N,,N,
Ahmedabad,Dhandhuka,Fedra,SV950,Y,,,,,N,taluka not matched (uncomparable)
Ahmedabad,Dhandhuka,Ratanpur,SV150,N,,,,,N,taluka not matched (uncomparable)
Amreli,Amreli,Giriya,NA68Pack 2/Pack 1/ Pack 1/50,Y,Y,OK,N,,N,
Amreli,Amreli,Mangvapal,SV50,Y,Y,OK,N,,N,
Amreli,Jafrabad,Fachariya,SV49,Y,Y,OK,Y,,N,
Amreli,Jafrabad,Sarovarda,SV29,Y,Y,OK,Y,,N,
Anand,Anand Rural,Hadgood (Ct),200150,Y,,,,,N,taluka not matched (uncomparable)
Anand,Anand Rural,Jitodiya (Part),NA19/1/1/Pack 4/50,Y,,,,,N,taluka not matched (uncomparable)
Anand,Tarapur,Jalla,SV550,Y,Y,OK,Y,,N,
Anand,Tarapur,Mobha,SV450,Y,Y,OK,Y,,N,
Arvalli,Modasa,Sabalpur,140050,Y,Y,OK,N,,N,
Arvalli,Modasa,Palanpur,NA 183/ 150,Y,Y,OK,N,,N,
Arvalli,Bayad,Dolpur (Gabat),SV50,N,Y,MISMATCH,Y,,N,
Arvalli,Bayad,Hematral,SV17,N,Y,MISMATCH,Y,,,
Banas Kantha,Palanpur,Sadarpur,SV350,Y,Y,OK,N,,Y,
Banas Kantha,Palanpur,Lunwa,SV150,Y,Y,OK,Y,,N,
Banas Kantha,Suigam,Bhatasana,nan,N,,,,,N,taluka not matched (uncomparable)
Banas Kantha,Suigam,Khadol,nan,N,,,,,N,taluka not matched (uncomparable)
Bharuch,Bharuch,Rahadpor,NA35-4/1+2+3+4+5/50,Y,Y,OK,N,,N,
Bharuch,Bharuch,Vadadla,NA 125/1/50,N,Y,MISMATCH,N,,,
Bharuch,Jambusar,Kundhal,SV150,Y,Y,OK,Y,,Y,
Bharuch,Jambusar,Mahapara,SV50,Y,Y,OK,Y,,N,
Bhavnagar,Bhavnagar,Shampara(Sidsar),SV150,Y,Y,OK,N,,N,
Bhavnagar,Bhavnagar,Fariyadka,SV150,Y,Y,OK,Y,,N,
Bhavnagar,Mahuva,Kotiya,SV49,Y,Y,OK,N,,N,
Bhavnagar,Mahuva,Kalmodar,SV47,Y,Y,OK,N,,N,
Botad,Botad,Nagalpar,NA127p2,Y,Y,OK,N,,N,
Botad,Botad,Hadadad,NA10/2/50,Y,Y,OK,N,,N,
Botad,Barwala,Refda,SV331,N,Y,MISMATCH,Y,,N,
Botad,Barwala,Chanchariya,SV150,Y,Y,OK,Y,,N,
Chhotaudepur,Chhota Udaipur,Manka (Chhota Udaipur),NA49,Y,Y,OK,N,,Y,
Chhotaudepur,Chhota Udaipur,Vasedi,NA 4/1 Pack 1/50,Y,Y,OK,N,,N,
Chhotaudepur,Sankheda,Sinhadra,SV50,Y,Y,OK,Y,,N,
Chhotaudepur,Sankheda,Vadadla (Chorangla),SV105,N,Y,MISMATCH,Y,,N,
Dahod,Dohad,Usarvan (Part),nan,N,,,,,N,taluka not matched (uncomparable)
Dahod,Dohad,Ukardi,SV137,Y,,,,,N,taluka not matched (uncomparable)
Dahod,Fatepura,Afava,nan,N,Y,MISMATCH,N,,N,
Dahod,Fatepura,Sukhsar,nan,N,,,,,N,village not matched (uncomparable)
Dangs,Ahwa,Nilsakiya,SV117,Y,,,,,N,taluka not matched (uncomparable)
Dangs,Ahwa,Borkhet,SV49,N,,,,,,taluka not matched (uncomparable)
Dangs,Subir,Chikhli (Lavchalisaja),SV123,Y,Y,OK,Y,,N,
Dangs,Subir,Hindla,SV146,Y,Y,OK,Y,,N,
Devbhumi Dwarka,Khambhalia,Haripar,NA444/50,Y,Y,OK,N,,N,
Devbhumi Dwarka,Khambhalia,Shaktinagar (Ct),NA27/350,Y,Y,OK,N,,N,
Devbhumi Dwarka,Okhamandal,Positra,SV349,Y,,,,,N,taluka not matched (uncomparable)
Devbhumi Dwarka,Okhamandal,Aniari,nan,N,,,,,N,taluka not matched (uncomparable)
Gandhinagar,Gandhinagar,Pundarasan,SV338,N,Y,MISMATCH,Y,,,
Gandhinagar,Gandhinagar,Prantiya,SV750,Y,Y,OK,N,,N,
Gandhinagar,Mansa,Sobhasan,SV519,Y,Y,OK,N,,N,
Gandhinagar,Mansa,Soja,NA343,N,Y,MISMATCH,N,,N,
Gir Somnath,Patan-Veraval,Inaj,SV516,N,Y,MISMATCH,N,,N,
Gir Somnath,Patan-Veraval,Govindpara,NA115/P1/P1/P1,,Y,,N,,N,
Gir Somnath,Una,Lerka,SV344,Y,Y,OK,N,,N,
Gir Somnath,Una,Simasi,NA141/P2/P1/P1,,Y,,N,,N,
Jamnagar,Jamnagar Rural,Dhinchda,SV721,Y,,,,,N,village not matched (uncomparable)
Jamnagar,Jamnagar Rural,Kansumara,SV537,Y,,,,,N,village not matched (uncomparable)
Jamnagar,Jamjodhpur,Luvarsar,SV150,Y,Y,OK,Y,,N,
Jamnagar,Jamjodhpur,Laloi,SV148,Y,Y,OK,Y,,N,
Junagadh,Junagadh,Padariya,SV244,Y,Y,OK,N,,N,
Junagadh,Junagadh,Khalilpur,SV217,Y,Y,OK,Y,,N,
Junagadh,Mangrol,Langad,SV150,Y,Y,OK,Y,,N,
Junagadh,Mangrol,Darsali,SV135,N,Y,MISMATCH,N,,,
Kachchh,Bhuj,Mirjhapar (Ct),nan,N,,,,,N,taluka not matched (uncomparable)
Kachchh,Bhuj,Madhapar (Ct),NA 68/50,Y,,,,,N,taluka not matched (uncomparable)
Kachchh,Rapar,Sarasla,SV50,Y,,,,,N,taluka not matched (uncomparable)
Kachchh,Rapar,Suvai,SV150,Y,,,,,N,taluka not matched (uncomparable)
Kheda,Nadiad,Yoginagar,SV141,Y,Y,OK,Y,,N,
Kheda,Nadiad,Dumral,NA 433/1+2+3/35,Y,Y,OK,N,,N,
Kheda,Kapadvanj,Dana,SV27,Y,Y,OK,Y,,N,
Kheda,Kapadvanj,Vasna,SV27,Y,Y,OK,Y,,N,
Mahesana,Mahesana,Ramosana,NA196 Pack 1/50,N,Y,MISMATCH,N,,N,
Mahesana,Mahesana,Heduva Hanumat,SV50,Y,Y,OK,Y,,N,
Mahesana,Satlasana,Galalpur,SV50,Y,Y,OK,Y,,N,
Mahesana,Satlasana,Nijhampur,SV50,Y,Y,OK,Y,,N,
Mahisagar,Lunawada,Pankhi,SV3,Y,Y,OK,Y,,N,
Mahisagar,Lunawada,Dholi,nan,N,Y,MISMATCH,N,,N,
Mahisagar,Balasinor,Dhanela,SV3,Y,Y,OK,Y,,N,
Mahisagar,Balasinor,Pandva,NA 1244/1,N,Y,MISMATCH,N,,N,
Morbi,Morvi,Dharampur,SV138,Y,Y,OK,Y,,N,
Morbi,Morvi,Ravapara (Ct),SV214,Y,Y,OK,N,,N,
Morbi,Halvad,Ratabhe,SV150,Y,Y,OK,Y,,N,
Morbi,Halvad,Vankiya,SV116,Y,Y,OK,N,,N,
Narmada,Nandod,Ramgadh,SV330,Y,Y,OK,N,,N,
Narmada,Nandod,Chitravadi,NA42,Y,Y,OK,N,,N,
Narmada,Sagbara,Nalakund,SV150,Y,Y,OK,Y,,N,
Narmada,Sagbara,Dudhliver,SV150,Y,Y,OK,N,,N,
Navsari,Navsari,Kasbapar,50050,Y,Y,OK,N,,N,
Navsari,Navsari,Tighra,nan,N,,,,,N,village not matched (uncomparable)
Navsari,Bansda,Vandarvela,SV29,Y,,,,,N,taluka not matched (uncomparable)
Navsari,Bansda,Rupvel,SV35,Y,,,,,N,taluka not matched (uncomparable)
Panch Mahals,Godhra,Lilesara,NA15/1Pack1/50,Y,Y,OK,N,,N,
Panch Mahals,Godhra,Bamroli Khurd,NA97/2/Package3/47,Y,Y,OK,N,,N,
Panch Mahals,Jambughoda,Dandiapura,SV4,Y,Y,OK,Y,,N,
Panch Mahals,Jambughoda,Nizaran Dilgam,NA25/50,N,Y,MISMATCH,N,,N,
Patan,Patan City,Hansapur (Part),NA72/2p1/50,Y,Y,OK,N,,Y,
Patan,Patan City,Anavada,NA1080p1/p1/40,Y,Y,OK,N,,N,
Patan,Santalpur,Dhrandva,SV50,Y,Y,OK,Y,,N,
Patan,Santalpur,Ganjisar,SV426,Y,Y,OK,Y,,N,
Porbandar,Porbandar,Zaver (Part),nan,N,,,,,N,village not matched (uncomparable)
Porbandar,Porbandar,Ratanpar,SV219,N,Y,MISMATCH,Y,,N,
Porbandar,Kutiyana,Segras,SV150,Y,Y,OK,Y,,N,
Porbandar,Kutiyana,Mahobatpara,nan,N,Y,MISMATCH,N,,N,
Rajkot,Rajkot,Ronki,NA29p1p1/50,Y,Y,OK,N,,N,
Rajkot,Rajkot,Sokhada,NA103p1/45,N,Y,MISMATCH,N,,,
Rajkot,Upleta,Timbadi Jam,SV520,,,,,,N,village not matched (uncomparable)
Rajkot,Upleta,Vadali,SV50,,Y,,N,,N,
Sabar Kantha,Himatnagar,Balvantpura,NA73/50,Y,Y,OK,N,,N,
Sabar Kantha,Himatnagar,Katwad,NA548feb 2/9,Y,Y,OK,N,,N,
Sabar Kantha,Poshina,Lambadiya,SV350,Y,Y,OK,N,,N,
Surat,Chorasi,Khambhasla,NA64/A/Package 1/50,Y,Y,OK,N,,N,
Surat,Chorasi,Mohni,NA242,Y,Y,OK,N,,N,
Surat,Umarpada,Pada,SV2,N,Y,MISMATCH,Y,,N,
Surat,Umarpada,Umarjhar,SV45,Y,Y,OK,Y,,N,
Surendranagar,Wadhwan,Khamisana,SV550,Y,Y,OK,N,,N,
Surendranagar,Wadhwan,Mulchand,NA246P/49,Y,Y,OK,N,,N,
Surendranagar,Dasada,Nagadka,NA120/P1/50,Y,Y,OK,N,,N,
Surendranagar,Dasada,Kherva,NA1426/50,N,Y,MISMATCH,N,,N,
Tapi,Vyara,Bhatpur,SV46,Y,Y,OK,Y,,N,
Tapi,Vyara,Musa,NA423/003/50,N,Y,MISMATCH,N,,N,
Tapi,Kukarmunda,Borikuwa,SV122,Y,Y,OK,N,,N,
Tapi,Kukarmunda,Fulwadi,SV150,Y,Y,OK,Y,,N,
Vadodara,Vadodara Rural,Shankarpura,SV149,N,Y,MISMATCH,N,,N,
Vadodara,Vadodara Rural,Alhadpura,SV217,N,Y,MISMATCH,Y,,N,
Vadodara,Desar,Shihora,SV250,Y,Y,OK,Y,,N,
Vadodara,Desar,Sandhasal,SV347,Y,Y,OK,Y,,N,
Valsad,Valsad,Kosamba,NA50/50,N,Y,MISMATCH,N,,N,
Valsad,Valsad,Tithal (Og),NA115/2/2/5,,Y,,N,,N,
Valsad,Dharampur,Tiskari Talat,NA18,Y,Y,OK,N,,N,
Valsad,Dharampur,Rajpuri Talat,nan,N,Y,MISMATCH,N,,N,
