district_en,block_en,village_en,village_hi,lgd_code,cards_distributed,properties_total,size_bucket,plots_checked,plots_with_loan,encumbrance_notes
SHEOPUR,Beerpur,Birpur,बीरपुर,451527,605,1000,large,,,
SHEOPUR,Sheopur,Amalda,अमल्दा,451700,106,122,medium,,,
SHEOPUR,Sheopur,Kilorach,किलोराच,451715,67,80,medium,,,
SHEOPUR,Sheopur,Gonda Khedi,गोंडा खेड़ी,451725,10,12,small,,,
MORENA,Morena,Piprai,पिपराई,452098,101,184,medium,,,
MORENA,Morena,Maithana,मैथना,452107,105,114,medium,,,
MORENA,Joura,Chachiha,चचिहा,452413,182,400,large,,,
MORENA,Kailaras,Uchad,उचाड,452544,168,529,large,,,
MORENA,Sabalgarh,Kathawana,कथावाना,452676,41,65,small,,,
BHIND,Bhind,Vijaygarh,विजयगढ़,452898,139,161,large,,,
BHIND,Mehgaon,Dandraua,दंदरौआ,453105,73,109,medium,,,
BHIND,Gormi,Hirapura,हीरापुरा,453229,155,179,large,,,
BHIND,Gohad,Gangadas Ka Pura,गंगादास का पुरा,453319,51,78,medium,,,
BHIND,Gohad,Bhypura,भयपुरा,453361,30,49,small,,,
BHIND,Ron,Dohai,दोहाई,453494,85,101,medium,,,
BHIND,Lahar,Barha,बरहा,453585,398,569,large,,,
BHIND,Lahar,Raipura,रायपुरा,453696,155,172,large,,,
GWALIOR,Ghatigaon,Amargarh,अमरगढ़,453710,31,47,small,,,
GWALIOR,Gwalior Gramin,Kuleth,कुलेथ,453810,952,1317,large,,,
GWALIOR,Pichhor,Sarnagat,सरनागत,454120,151,192,large,,,
GWALIOR,Pichhor,Badera Khurd,बडेरा खुर्द,454122,109,130,medium,,,
DATIA,Seondha,Repoli,रेपोली,454398,81,170,medium,,,
DATIA,Datia Nagar,Sitapur,सीतापुर,454613,197,364,large,,,
DATIA,Datia,Khiriyakhodas,खिरियाखोदस,454723,119,248,medium,,,
DATIA,Bhander,Bharroli,भर्रोली,454962,125,238,large,,,
SHIVPURI,Bairad,Baghoda,बघौडा,455020,156,229,large,,,
SHIVPURI,Pohri,Agarra,अगर्रा,455206,212,362,large,,,
SHIVPURI,Shivpuri,Rama Basai,रामा बसई,455320,24,39,small,,,
SHIVPURI,Shivpuri,Singhanwas,सिंघनवास,455377,312,510,large,,,
SHIVPURI,Narwar,Kubri Urf Gwalia,कुबरी उर्फ ​​ग्वालिया,455506,241,299,large,,,
DATIA,Baroni,Badgor,बदगोर,455542,179,183,large,,,
SHIVPURI,Karera,Bamhroli,बम्हरोली,455573,58,92,medium,,,
DATIA,Baroni,Taka Kalan,ताका कालन,455602,43,109,small,,,
SHIVPURI,Kolaras,Singharpur,सिंघापुर,455876,111,115,medium,,,
SHIVPURI,Kolaras,Bachhoriya,बछोरिया,455900,38,59,small,,,
SHIVPURI,Pichhore,Kakrauwa Alias Thuni,काकरौवा उर्फ़ थुनी,456154,103,192,medium,,,
SHIVPURI,Khaniyadhana,Rajawan,राजावन,456396,86,228,medium,,,
Niwari,Niwari,Tila,तिला,456422,122,170,large,,,
Niwari,Prithvipur,Rampura Khas,रामपुरा खास,456643,5,21,small,,,
Niwari,Prithvipur,Birora Pahad North,बिरोरा पहाड़ उत्तर,456649,87,104,medium,,,
TIKAMGARH,Lidhora,Bhadrai Udaypura,भदरई उदयपुरा,456894,268,363,large,,,
TIKAMGARH,Lidhora,Harkanpura,हरकनपुरा,456904,88,100,medium,,,
TIKAMGARH,Baldeogarh,Jatera,जटेरा,457080,148,227,large,,,
TIKAMGARH,Tikamgarh,Brijpura,बृजपुरा,457265,39,89,small,,,
TIKAMGARH,Badagaon (Dhasan),Ajnaur Khas,अज्नौर खास,457308,602,1005,large,,,
CHHATARPUR,Lavkush Nagar,Patha,पथा,457519,271,392,large,,,
CHHATARPUR,Chandla,Harraee,हर्राई,457616,87,124,medium,,,
CHHATARPUR,Nowgong,Neguwan,नेगुवान,457711,404,423,large,,,
CHHATARPUR,Satai,Hatna,हतना,458023,65,95,medium,,,
CHHATARPUR,Satai,Katara,कटारा,458036,192,322,large,,,
CHHATARPUR,Rajnagar,Toriya,तोरिया,458067,134,193,large,,,
CHHATARPUR,Bada Malhera,Baraj,बराज,458143,129,157,large,,,
CHHATARPUR,Bada Malhera,Sironj,सिरोंज,458160,33,37,small,,,
CHHATARPUR,Ghuwara,Budour,बुदौर,458225,81,126,medium,,,
CHHATARPUR,Bijawar,Shahpura,शाहपुरा,458382,21,23,small,,,
CHHATARPUR,Buxwaha,Chachaisemra,चाचाइसमरा,458525,45,98,small,,,
PANNA,Ajaygarh,Kadraha,कद्रहा,458638,59,91,medium,,,
PANNA,Ajaygarh,Katarra,कटारा,458652,247,368,large,,,
PANNA,Amanganj,Itaura,इटौरा,459090,6,10,small,,,
PANNA,Pawai,Simra Khurd,सिमरा खुर्द,459232,207,242,large,,,
PANNA,Pawai,Pairothi,पैरोथी,459269,28,33,small,,,
PANNA,Shahnagar,Budhrod,बुधरोड़,459361,77,104,medium,,,
PANNA,Shahnagar,Shahpur Kalan,शाहपुर कलां,459407,159,234,large,,,
SAGAR,Bina,Mirjapur,मीरजापुर,459660,147,209,large,,,
SAGAR,Khurai,Tewari,तिवारी,459900,187,291,large,,,
SAGAR,Malthon,Sipkur Khas,सिपकुर खास,459969,69,97,medium,,,
SAGAR,Banda,Bamhori Mafi,बम्होरी माफ़ी,460140,73,105,medium,,,
SAGAR,Banda,Bhedakhas,भेड़ाखास,460290,245,317,large,,,
SAGAR,Shahgarh,Garroli,गैरोली,460351,68,87,medium,,,
SAGAR,Sagar,Maswasi,मसवासी,460876,70,102,medium,,,
SAGAR,Sagar,Knera Nikhar,केनेरा निखार,460948,215,226,large,,,
SAGAR,Rehli,Patna Buzurg,पटना बुजुर्ग,461111,1279,1780,large,,,
SAGAR,Rehli,Chandpur,चांदपुर,461151,471,562,large,,,
SAGAR,Kesli,Bhonhara,भोंहरा,461213,118,267,medium,,,
SAGAR,Kesli,Jolanpur,जोलनपुर,461271,20,32,small,,,
SAGAR,Kesli,Indalpur,इंदलपुर,461275,79,182,medium,,,
SAGAR,Kesli,Dhaawai,धवाई,461300,46,134,small,,,
SAGAR,Kesli,Dehchuli,देहुचुली,461301,15,23,small,,,
SAGAR,Deori,Jamuniya Pandit,जमुनिया पंडित,461412,69,69,medium,,,
SAGAR,Deori,Deori Pathak,देवरी पाठक,461415,20,24,small,,,
SAGAR,Deori,Chhewala,छेवाला,461597,28,29,small,,,
DAMOH,Patera,Belapatera,बेलापाटेरा,461912,65,108,medium,,,
DAMOH,Patera,Deori Chhoti,देवरी छोटी,461928,204,335,large,,,
DAMOH,Batiyagarh,Ranjhi,रांझी,461998,1,1,small,,,
DAMOH,Patharia,Parsoria,पारसोरिया,462192,107,333,medium,,,
DAMOH,Patharia,Kakra,काकड़ा,462234,124,165,large,,,
DAMOH,Jabera,Simri Jalam,सिमरी जालम,462548,103,125,medium,,,
DAMOH,Jabera,Dumar,डुमर,462585,189,216,large,,,
DAMOH,Tendukheda,Bamhori Ryt,बम्होरी रयत,462836,42,86,small,,,
SATNA,Kothi,Paikauri,पैकौरी,462965,1,1,small,,,
SATNA,Raghurajnagar (Nagriya),Jamodi,जमोदी,463112,121,123,large,,,
SATNA,Nagod,Itma,इत्मा,463527,29,43,small,,,
SATNA,Nagod,Mughar,मुग़र,463626,18,24,small,,,
SATNA,Nagod,Pakar,पाकर,463662,94,129,medium,,,
SATNA,Nagod,Karahiya,करहिया,463745,22,28,small,,,
SATNA,Unchehara,Panihai,पनिहाई,463803,8,8,small,,,
SATNA,Amarpatan,Kharam Seda,ख़रम सेदा,464325,63,68,medium,,,
REWA,Jawa,Silaha,सिलाहा,465358,131,180,large,,,
REWA,Jawa,Gauhana,गौहाना,465383,115,162,medium,,,
REWA,Huzur,Bamhori,बम्होरी,467171,34,48,small,,,
REWA,Gurh,Khadda,खड्डा,467453,38,42,small,,,
REWA,Gurh,Chaudiyar,चौडियार,467457,41,63,small,,,
UMARIA,Bandhavgarh,Baja Kund,बाजा कुंड,467645,2,2,small,,,
UMARIA,Karkeli,Kathoutiya,कठौतिया,467664,53,53,medium,,,
UMARIA,Manpur,Chirrawah,चिर्रवाह,468031,9,9,small,,,
NEEMUCH,Jawad,Ranpur,रानपुर,468353,60,61,medium,,,
NEEMUCH,Jawad,Bangred,बंगरेड,468366,552,611,large,,,
NEEMUCH,Singoli,Kheda Majhawat,खेड़ा मझावत,468388,21,21,small,,,
NEEMUCH,Singoli,Barkheda Gujar,बरखेड़ा गूजर,468492,47,67,medium,,,
NEEMUCH,Neemuch,Girdoda,गिरदोदा,468615,551,727,large,,,
NEEMUCH,Manasa,Amad Amargarh Block,आमद अमरगढ़ ब्लॉक,468935,163,192,large,,,
MANDSAUR,Bhanpura,Toranya,तोरण्या,469076,93,102,medium,,,
MANDSAUR,Bhanpura,Barkhedi,बरखेड़ी,469080,45,54,small,,,
MANDSAUR,Malhargarh,Bandpiplya,बाँदपिपल्या,469164,414,432,large,,,
MANDSAUR,Garoth,Sathkheda,साठखेड़ा,469349,741,803,large,,,
MANDSAUR,Mandsaur Nagar,Setkhedi,सेतखेड़ी,469576,196,219,large,,,
MANDSAUR,Mandsaur,Lasudi,लसुडी,469630,98,118,medium,,,
MANDSAUR,Sitamau,Khajuri Chandrawat,खजूरी चंद्रावत,469736,227,302,large,,,
MANDSAUR,Suwasara,Semli,सेमली,469970,156,193,large,,,
RATLAM,Jaora,Menhadi,मेन्हादी,470076,159,159,large,,,
RATLAM,Jaora,Thadoda,थडोडा,470197,105,148,medium,,,
RATLAM,Alot,Garda,गार्डा,470249,91,104,medium,,,
RATLAM,Alot,Kalsiya,कलसिया,470295,173,173,large,,,
RATLAM,Ratlam Nagar,Palsodi,पलसोडी,470914,18,34,small,,,
RATLAM,Ratlam,Nayan,नयन,470977,253,309,large,,,
UJJAIN,Khacharod,Khamariya,खमारिया,471129,190,263,large,,,
UJJAIN,Nagda,Dallaheda,दल्लाहेड़ा,471229,137,155,large,,,
UJJAIN,Mahidpur,Bani,बानी,471302,271,309,large,,,
UJJAIN,Ghatiya,Dhuletiya,धुलेतिया,471509,129,152,large,,,
UJJAIN,Ghatiya,Dhablagori,धबलागोरी,471602,142,152,large,,,
UJJAIN,Makdon,Kankaryamirpur,कंकरयामीरपुर,471690,46,63,small,,,
UJJAIN,Makdon,Katwariya,कटवारिया,471707,233,243,large,,,
UJJAIN,Ujjain,Dewarakhedi Buzurg,देवराखेड़ी बुजुर्ग,471833,112,130,medium,,,
UJJAIN,Ujjain,Silodamori,सिलोडामोरी,471864,92,112,medium,,,
UJJAIN,Ujjain,Jawasiya Kumar,जवासिया कुमार,471917,101,113,medium,,,
UJJAIN,Ujjain,Daukhedi,दाऊखेड़ी,471921,74,84,medium,,,
AGAR MALWA,Soyatkala,Sardarpura,सरदारपुरा,472182,43,50,small,,,
AGAR MALWA,Soyatkala,Bhawanipura,भवानीपुरा,472190,148,152,large,,,
AGAR MALWA,Soyatkala,Richhadiya,रिछाडिया,472194,100,189,medium,,,
AGAR MALWA,Susner,Khanota,खानोटा,472245,136,247,large,,,
AGAR MALWA,Badod,Gudbheli Badod,गुड़भेली बडोद,472388,55,68,medium,,,
SHAJAPUR,Shajapur,Patoli,पाटोली,472693,233,610,large,,,
SHAJAPUR,Gulana,Padla,पडला,472788,13,27,small,,,
SHAJAPUR,Moman Badodiya,Jawadi,जवादी,472905,59,114,medium,,,
SHAJAPUR,Shujalpur,Patlawada,पाटलवाड़ा,473005,379,417,large,,,
SHAJAPUR,Kalapipal,Galbi,गैल्बी,473144,129,259,large,,,
SHAJAPUR,Kalapipal,Dholpur,धौलपुर,473176,107,125,medium,,,
DEWAS,Tonk Khurd,Banarsi,बनारसी,473278,75,75,medium,,,
DEWAS,Sonkatch,Ghatiyakalan,घटियाकलां,473365,239,266,large,,,
DEWAS,Sonkatch,Talod,तालोद,473390,617,765,large,,,
DEWAS,Dewas,Achlukhedi,अचलुखेड़ी,473583,245,278,large,,,
DEWAS,Satwas,Mehandul,मेहंदुल,473828,99,116,medium,,,
DEWAS,Bagli,Dhantalab,धनतालाब,473933,39,39,small,,,
DEWAS,Khategaon,Kundgaon Khurd,कुंदगांव खुर्द,474342,27,35,small,,,
DEWAS,Khategaon,Nayagaon,नयागांव,474362,52,58,medium,,,
DHAR,Badnawar,Chho Kalan,छो कलां,474505,98,183,medium,,,
DHAR,Badnawar,Jalod,जालोद,474521,142,282,large,,,
DHAR,Sardarpur,Tanda Kheda,टांडा खेड़ा,474600,109,184,medium,,,
DHAR,Dhar,Bijoor,बिजूर,474802,500,930,large,,,
DHAR,Dhar,Dholahanuman,धौला हनुमान,474874,8,16,small,,,
DHAR,Pithampur,Shikarpura,शिकारपुरा,475060,67,69,medium,,,
DHAR,Pithampur,Badiya,बडिया,475098,4,4,small,,,
DHAR,Manawar,Sitapuri,सीतापुरी,475604,15,26,small,,,
DHAR,Manawar,Banediya,बनेडिया,475631,212,286,large,,,
DHAR,Dharampuri,Piplaj,पिपलाज,475831,2,4,small,,,
INDORE,Depalpur,Kulala,कुलाला,475909,61,126,medium,,,
INDORE,Depalpur,Mothala,मोथला,476031,48,56,medium,,,
INDORE,Depalpur,Rayatpura,रायतपुरा,476038,327,329,large,,,
INDORE,Sanwer,Takun,ताकुन,476151,275,279,large,,,
INDORE,Khudel,Semalya Raimal,सेमल्या रायमल,476356,283,292,large,,,
INDORE,Dr. Ambedkar Nagar Mhow,Raikunda,रायकुंडा,476468,24,45,small,,,
KHARGONE,Barwaha,Palsud,पलसुद,476603,32,32,small,,,
KHARGONE,Barwaha,Sapat,सपात,476620,36,41,small,,,
KHARGONE,Sanawad,Toksar,टोकसर,476728,187,246,large,,,
KHARGONE,Barwaha,Barwaha Kasba (Ct),बरवाहा कस्बा (सीटी),476878,510,523,large,,,
KHARGONE,Kasrawad,Khamalya,खमाल्या,477259,199,309,large,,,
KHARGONE,Bhikangaon,Chaundi,चौंडी,477384,77,118,medium,,,
KHARGONE,Bhikangaon,Mohali,मोहाली,477475,68,112,medium,,,
KHARGONE,Bhikangaon,Borgaon,बोरगाँव,477500,245,286,large,,,
KHARGONE,Gogaon,Bid,बोली,477687,203,391,large,,,
BARWANI,Thikri,Rangaon,रणगांव,478200,192,225,large,,,
BARWANI,Rajpur,Borali,बोराली,478316,41,51,small,,,
BARWANI,Rajpur,Siwai,सिवाई,478347,76,89,medium,,,
RAJGARH,Jeerapur,Dob,जन्म तिथि,478714,12,14,small,,,
RAJGARH,Jeerapur,Deonagar,देवनगर,478727,45,54,small,,,
RAJGARH,Jeerapur,Semala,सेमाला,478866,61,69,medium,,,
RAJGARH,Khilchipur,Semli Kankad,सेमली कांकड़,479145,43,53,small,,,
RAJGARH,Rajgarh,Tulsipura,तुलसीपुरा,479274,22,22,small,,,
RAJGARH,Rajgarh,Lasudlyalodha,लसुडल्यालोधा,479354,167,178,large,,,
RAJGARH,Rajgarh,Peepalbe Purohit,पीपलबे पुरोहित,479478,75,120,medium,,,
RAJGARH,Rajgarh,Mohanpura,मोहनपुरा,479579,66,75,medium,,,
RAJGARH,Khujner,Khedi,खेड़ी,479601,85,98,medium,,,
RAJGARH,Suthaliya,Manki,मनकी,479749,150,183,large,,,
RAJGARH,Biaora,Khajur Khedi,खजूर खेड़ी,479762,27,31,small,,,
RAJGARH,Sarangpur,Digwad,दिग्वाड,479978,210,231,large,,,
RAJGARH,Narsinghgarh,Ramgarh,रामगढ़,480149,100,117,medium,,,
RAJGARH,Pachore,Barwan Khurram,बरवान खुर्रम,480384,193,257,large,,,
RAJGARH,Pachore,Rawatpura,रावतपुरा,480419,35,42,small,,,
VIDISHA,Lateri,Chopna Nobad,चोपना नोबाद,480462,16,27,small,,,
VIDISHA,Sironj,Dignakheda,डिग्नाखेड़ा,480813,76,105,medium,,,
VIDISHA,Sironj,Hargana Khedi,हरगाना खेड़ी,480849,60,73,medium,,,
VIDISHA,Kurwai,Shekh Pipariya,शेख पिपरिया,480966,30,30,small,,,
VIDISHA,Basoda,Karaiya Jagir,करैया जागीर,481143,113,128,medium,,,
VIDISHA,Basoda,Kharthari,खरथारी,481170,61,70,medium,,,
VIDISHA,Basoda,Kakrawada,काकरावाड़ा,481291,241,287,large,,,
VIDISHA,Tyonda,Nayagaon,नयागांव,481412,122,142,large,,,
VIDISHA,Tyonda,Dholbaj,ढोलबाज,481418,19,26,small,,,
VIDISHA,Nateran,Balrampur,बलरामपुर,481463,55,63,medium,,,
VIDISHA,Shamshabad,Dangarwada,डांगरवाड़ा,481551,459,629,large,,,
VIDISHA,Gyaraspur,Siyasi,सियासी,481623,125,177,large,,,
VIDISHA,Gulabganj,Khiriya,खिरिया,481779,30,34,small,,,
VIDISHA,Gulabganj,Darganva,दरगंवा,481806,33,40,small,,,
VIDISHA,Vidisha,Andiya Ahmadpur,अंडिया अहमदपुर,482031,65,104,medium,,,
BHOPAL,Berasia,Khajuriya Kalan,खजुरिया कलां,482066,81,97,medium,,,
BHOPAL,Huzur,Dangroli,डांगरोली,482439,63,72,medium,,,
BHOPAL,Huzur,Saista Khedi,साइस्ता खेड़ी,482491,150,206,large,,,
BHOPAL,Huzur,Chhapri,छपरी,482519,41,42,small,,,
SEHORE,Sehore,Sherpur (Part),शेरपुर ( पर्त ),482651,110,129,medium,,,
SEHORE,Sehore,Bhainsakhedi,भैसाखेडी,482698,77,147,medium,,,
SEHORE,Shyampur,Chandbad,चॉदबड,482730,151,164,large,,,
SEHORE,Jawar,Kundiya Nathu,कुडियानाथू,483063,101,189,medium,,,
SEHORE,Jawar,Tigariya,टिगरिया,483081,177,208,large,,,
SEHORE,Ichhawar,Nayapura,नयापुरा,483242,210,302,large,,,
SEHORE,Bhairunda,Gopalpur,गोपालपुर,483339,386,402,large,,,
SEHORE,Bhairunda,Badnagar,बडनगर,483352,42,73,small,,,
SEHORE,Bhairunda,Dhandia,ढांडिया,483414,39,54,small,,,
SEHORE,Budni,Hathlewa,हथलेवा,483464,56,68,medium,,,
RAISEN,Raisen,Mendori,मेंडोरी,483711,40,47,small,,,
RAISEN,Raisen,Khejda,खेजड़ा,483843,13,14,small,,,
RAISEN,Gairatganj,Belnagarhi,बेलनागढ़ी,483944,35,36,small,,,
RAISEN,Begamganj,Khairpur,खैरपुर,484065,20,20,small,,,
RAISEN,Badi,Parewa,परेवा,484649,110,148,medium,,,
RAISEN,Silwani,Bhatpura,भतपुरा,484827,16,16,small,,,
RAISEN,Udaipura,Surela,सुरेला,484980,57,63,medium,,,
RAISEN,Udaipura,Ketoghan,केटोघन,484985,423,464,large,,,
RAISEN,Udaipura,Udiya,उड़िया,484993,92,153,medium,,,
RAISEN,Udaipura,Bamhori Bhuwari,बम्होरी भुवारी,485001,186,243,large,,,
RAISEN,Deori,Khireti,खिरेती,485087,95,164,medium,,,
RAISEN,Deori,Koda Jamaniya,कोडा जमनिया,485111,74,102,medium,,,
BETUL,Bhimpur,Khaira,खैरा,485166,50,59,medium,,,
BETUL,Bhainsdehi,Jamulni,जमुलनी,485363,40,46,small,,,
BETUL,Betul,Kumhali,कुम्हली,485531,81,87,medium,,,
BETUL,Betul,Mathni,मथनी,485566,100,106,medium,,,
BETUL,Betul,Amdar,अमदार,485640,174,357,large,,,
BETUL,Chicholi,Alamgarh,आलमगढ़,485734,13,14,small,,,
BETUL,Chicholi,Mlajpur,मलाजपुर,485778,163,168,large,,,
BETUL,Prabhatpttan,Taikheda,ताईखेड़ा,486176,215,243,large,,,
BETUL,Multai,Malegaon,मालेगांव,486301,107,175,medium,,,
BETUL,Prabhatpttan,Sawari (Gadra),सावरी (गदरा),486352,35,38,small,,,
BETUL,Amla,Bijori,बिजोरी,486446,27,27,small,,,
HARDA,Rehatgaon,Nimacha Kalan,नीमचा कलां,486975,157,182,large,,,
HARDA,Rehatgaon,Juna Pani,जूना पानी,487027,2,2,small,,,
HARDA,Rehatgaon,Kachnar,कचनार,487045,90,124,medium,,,
NARMADAPURAM,Seoni Malwa,Luchgaon,लुचगांव,487094,170,202,large,,,
NARMADAPURAM,Sohagpur,Hirapur,हीरापुर,487659,56,123,medium,,,
NARMADAPURAM,Sohagpur,Sodara,सोडारा,487721,52,62,medium,,,
NARMADAPURAM,Sohagpur,Daringa,दरिंगा,487728,73,145,medium,,,
NARMADAPURAM,Sohagpur,Jhirmita,झिरमिता,487756,20,36,small,,,
NARMADAPURAM,Pipariya,Semari Tala,सेमारी ताला,487795,248,550,large,,,
NARMADAPURAM,Pipariya,Surela Kalan,सुरेला कलां,487808,125,205,large,,,
NARMADAPURAM,Pipariya,Umariya,उमरिया,487856,45,95,small,,,
KATNI,Katni Nagar,Bharwara,भरवारा,488059,67,109,medium,,,
KATNI,Barhi,Karaundi Kalan,करौंदी कलां,488333,255,260,large,,,
KATNI,Badwara,Lakha Khera,लाखा खेड़ा,488416,120,133,medium,,,
KATNI,Vijayraghavgarh,Kutarhiya,कुतरहिया,488482,62,65,medium,,,
KATNI,Vijayraghavgarh,Salaiya Badgaiya,सलैया बडगैया,488503,46,47,small,,,
KATNI,Bahoriband,Kunda,कुंदा,488592,185,260,large,,,
KATNI,Sleemnabad,Pipariya,पिपरिया,488793,12,14,small,,,
KATNI,Dhimarkheda,Mahner,महनेर,488864,280,377,large,,,
JABALPUR,Majholi,Umardha,उमरधा,489164,216,283,large,,,
JABALPUR,Majholi,Gaura,गौर,489264,45,62,small,,,
JABALPUR,Shahpura,Kainthra,कैंथरा,489701,45,46,small,,,
JABALPUR,Shahpura,Chhaprat,छपराट,489729,170,204,large,,,
JABALPUR,Jabalpur,Ghana,घाना,489950,108,122,medium,,,
JABALPUR,Panagar,Mankuara,मनकुआरा,490079,106,165,medium,,,
JABALPUR,Panagar,Kariwah,करिवाह,490103,154,179,large,,,
JABALPUR,Panagar,Jhagra,झगरा,490208,112,182,medium,,,
JABALPUR,Panagar,Mangela,मंगेला,490213,585,746,large,,,
JABALPUR,Panagar,Khiriya Kalan,खिरिया कलां,490224,64,87,medium,,,
JABALPUR,Kundam,Mohani,मोहानी,490338,45,45,small,,,
JABALPUR,Kundam,Roriya,रोरिया,490354,41,41,small,,,
NARSINGHPUR,Gotegaon,Ramnagar,रामनगर,490662,45,45,small,,,
NARSINGHPUR,Gadarwara,Salaiya,सलैया,490721,68,148,medium,,,
NARSINGHPUR,Saikheda,Khiriya,खिरिया,490784,137,155,large,,,
NARSINGHPUR,Saikheda,Dhanora,धनोरा,490824,101,223,medium,,,
NARSINGHPUR,Saikheda,Juwara,जुवारा,490835,95,189,medium,,,
NARSINGHPUR,Narsimhapur,Dungariya,डुंगरिया,491246,64,109,medium,,,
NARSINGHPUR,Kareli,Dhana [Juna],धना [जूना],491266,17,43,small,,,
NARSINGHPUR,Kareli,Gohgawari,गोहगावारी,491335,171,326,large,,,
NARSINGHPUR,Kareli,Kapuri,कपूरी,491352,171,338,large,,,
NARSINGHPUR,Tendukheda,Sukha Dhigsara,सुखा धीगसरा,491453,38,53,small,,,
DINDORI,Shahpura,Ghutaina Ryt.,घुतैना रयत.,491660,46,48,small,,,
DINDORI,Shahpura,Chhapra Ryt.(Bichhiya),छपरा रैयत(बिछिया),491669,58,65,medium,,,
DINDORI,Shahpura,Khalhe Mahespuri Ryt.,खाल्हे महेशपुरी रयत.,491696,21,26,small,,,
DINDORI,Shahpura,Sarsa Ryt.,सरसा रिट.,491757,53,59,medium,,,
DINDORI,Shahpura,Bulda Mal.,बुल्दा माल.,491810,50,52,medium,,,
DINDORI,Dindori,Ganeshpur Mya Dhangaon Ryt.,गणेशपुर म्या धनगांव रिट.,491898,17,21,small,,,
DINDORI,Dindori,Pondi Mal.,पोंडी माल.,491985,36,42,small,,,
DINDORI,Dindori,Kunda (Mal.),कुंडा (माल.),491995,126,153,large,,,
MANDLA,Niwas,Singhanpuri(Jewra),सिंघनपुरी(जेवरा),492465,80,82,medium,,,
MANDLA,Niwas,Amadadar Ryt.,अमदादार रिट.,492556,57,57,medium,,,
MANDLA,Niwas,Paddi Kona Mal.,पड्डी कोना माल.,492603,121,127,large,,,
MANDLA,Narayanganj,Gumti,गुमटी,492680,1,1,small,,,
MANDLA,Narayanganj,Bhawal,भवाल,492757,50,51,medium,,,
MANDLA,Ghughari,Tikariya,टिकरिया,493091,54,61,medium,,,
MANDLA,Ghughari,Surehali(Surhali),सुरहाली(सुरहाली),493109,41,42,small,,,
MANDLA,Bichhiya,Harrabhat Jar,हर्राभाट जार,493185,6,6,small,,,
MANDLA,Bichhiya,Rahgi,राहगी,493379,22,22,small,,,
MANDLA,Bichhiya,Narharganj Ryt.,नरहरगंज रिट.,493455,37,37,small,,,
MANDLA,Bichhiya,Khamhariya Mal.,खम्हरिया माल.,493463,6,6,small,,,
CHHINDWARA,Tamia,Ghatlinga,घटलिंगा,493796,28,51,small,,,
CHHINDWARA,Amarwara,Khakra Chourai,खकरा चौराई,493917,302,541,large,,,
CHHINDWARA,Harrai,Motikund,मोतीकुंड,494150,1,1,small,,,
CHHINDWARA,Harrai,Pipariya,पिपरिया,494190,36,73,small,,,
CHHINDWARA,Chaurai,Kunda,कुंदा,494246,400,738,large,,,
CHHINDWARA,Umreth,Khukariya Malagujar,खुकारिया मालगुजार,494790,62,97,medium,,,
CHHINDWARA,Umreth,Parsoli,पारसोली,494873,52,87,medium,,,
CHHINDWARA,Chhindwara,Khamra,खमरा,494977,68,136,medium,,,
CHHINDWARA,Mohkhed,Bisapur Khurd,बिसापुर खुर्द,495119,84,146,medium,,,
CHHINDWARA,Bichhua,Dhamniya,धामनिया,495386,40,95,small,,,
SEONI,Lakhnadon,Bhumka,भुमका,495668,47,117,medium,,,
SEONI,Lakhnadon,Partapur,परतापुर,495797,25,84,small,,,
SEONI,Lakhnadon,Nidhani,निधानि,495892,105,235,medium,,,
SEONI,Chhapara,Badpani,बडपानी,495947,109,240,medium,,,
SEONI,Ghansaur,Surajpura,सूरजपुरा,496112,71,133,medium,,,
SEONI,Ghansaur,Chinga,चिंगा,496271,73,116,medium,,,
SEONI,Dhanora,Khirkhiri,खिरखिरी,496342,47,86,medium,,,
SEONI,Keolari,Devghat,देवघाट,496446,164,303,large,,,
SEONI,Keolari,Kohka,कोहका,496604,105,233,medium,,,
SEONI,Seoni,Bakhari,बखारी,496625,428,840,large,,,
SEONI,Seoni,Patharphodi,पाथरफोडी,496815,145,247,large,,,
SEONI,Seoni,Mehrakhapa,मेहराखापा,496817,209,219,large,,,
SEONI,Seoni,Parasiya,परासिया,496896,14,32,small,,,
SEONI,Kurai,Faijpur Ryt.,फैजपुर रिट.,497138,32,53,small,,,
BALAGHAT,Katangi,Agasi,अगासी,497272,222,448,large,,,
BALAGHAT,Tirodi,Boldongari,बोल्डोंगरी,497346,97,207,medium,,,
BALAGHAT,Waraseoni,Changera,चंगेरा,497452,202,427,large,,,
BALAGHAT,Khairlanji,Katangi,कटंगी,497460,37,92,small,,,
BALAGHAT,Balaghat,Paraswada,परसवाड़ा,497787,98,215,medium,,,
BALAGHAT,Kirnapur,Nimdewada,निमदेवाडा,497856,125,272,large,,,
BALAGHAT,Birsa,Ragholi,राघोली,498094,37,69,small,,,
BALAGHAT,Lanji,Bordi,बोर्डी,498542,124,320,large,,,
BALAGHAT,Lanji,Timkitola,टिमकीटोला,498607,24,44,small,,,
GUNA,Bamori,Ukawad Khurd,उकावद खुर्द,499030,92,195,medium,,,
GUNA,Bamori,Bilauda,बिलाउदा,499032,22,22,small,,,
GUNA,Maksoodangarh,Kamalpur Dang,कमालपुर डांग,499415,9,15,small,,,
GUNA,Kumbhraj,Parwariya,परवरिया,499647,34,42,small,,,
GUNA,Aron,Urjhanyai,उर्जान्याई,499709,23,25,small,,,
GUNA,Aron,Rajankhedi,राजनखेड़ी,499755,61,61,medium,,,
GUNA,Aron,Ankkheda,अंखेडा,499759,29,46,small,,,
GUNA,Aron,Kusman,कुसमान,499799,11,11,small,,,
GUNA,Chachaura,Khatoolo (Nagriy),खातूलो (नागरी),499861,124,171,large,,,
GUNA,Chachaura,Vinagaw (Nagriy),विनागाव (नागरी),499911,60,80,medium,,,
ASHOKNAGAR,Chanderi,Dewla Kho,देवला खो,500167,63,122,medium,,,
ASHOKNAGAR,Piprai,Bheelari,भीलारी,500247,28,65,small,,,
ASHOKNAGAR,Ashoknagar,Khera Laloi,खेड़ा लालोई,500342,30,82,small,,,
ASHOKNAGAR,Ashoknagar,Kariya Khedi,करिया खेड़ी,500376,14,56,small,,,
ASHOKNAGAR,Ashoknagar,Rasulpur,रसूलपुर,500449,38,70,small,,,
ASHOKNAGAR,Mungaoli,Hurairi,हुरैरी,500678,111,150,medium,,,
ASHOKNAGAR,Bahadurpur,Narkheda,नरखेड़ा,500843,142,181,large,,,
SHAHDOL,Beohari,Papodh,पपोढ़,500909,51,55,medium,,,
SHAHDOL,Sohagpur,Jarwahi,जरवाही,501321,1,1,small,,,
SHAHDOL,Jaitpur,Bhatiya,भाटिया,501603,18,18,small,,,
ANUPPUR,Anuppur,Chhulha,चूल्हा,501947,55,59,medium,,,
ANUPPUR,Jaithari,Jariyari,जरियारी,501970,14,14,small,,,
ANUPPUR,Pushparajgarh,Bagharra,बघार्रा,502241,9,9,small,,,
SIDHI,Rampur Naikin,Kankati,कनकती,502397,49,62,medium,,,
SIDHI,Gopadbanas,Piprohar,पिपरोहर,502731,22,25,small,,,
SIDHI,Sihawal,Karimati,करीमाटी,502789,26,26,small,,,
SIDHI,Madwas,Amakholi,आमाखोली,503174,1,1,small,,,
SINGRAULI,Chitrangi,Kamrauha,कामरौहा,503365,58,117,medium,,,
SINGRAULI,Chitrangi,Machi Khurd,माची खुर्द,503380,9,45,small,,,
SINGRAULI,Dudhamania,Bagdara (Bagdari),बागदरा (बागदरी),503568,8,16,small,,,
SINGRAULI,Mada,Churipath,चुरिपथ,504070,1,6,small,,,
SINGRAULI,Mada,Pondi Path,पोंडी पथ,504076,1,4,small,,,
JHABUA,Petlawad,Ghughri,घुघरी,504251,284,311,large,,,
JHABUA,Petlawad,Banya Kheda,बन्या खेड़ा,504260,53,54,medium,,,
JHABUA,Petlawad,Undwa,उंडवा,504392,4,4,small,,,
JHABUA,Jhabua,Heera Khandan,हीरा खानदान,504618,2,2,small,,,
JHABUA,Jhabua,Dungra Dhanna,डुंगरा धन्ना,504699,5,5,small,,,
ALIRAJPUR,Chandra Shekhar Azad Nagar,Barjhar,बरझार,504908,200,448,large,,,
ALIRAJPUR,Katthiwara,Andharjhiri,अंधर्झिरी,505126,5,5,small,,,
ALIRAJPUR,Alirajpur,Malwai,मालवई,505269,69,118,medium,,,
ALIRAJPUR,Sondawa,Unala,उनाला,505446,14,14,small,,,
EAST NIMAR,Harsud,Bharadi Ryt,भराडी रैयत,505495,32,59,small,,,
EAST NIMAR,Harsud,Sukhadiya,सुखाड़िया,505534,54,64,medium,,,
EAST NIMAR,Khalwa,Malgaon Mal,मालगाँव माल,505616,667,1005,large,,,
EAST NIMAR,Khandwa,Gohlari,गोहलारी,505719,213,400,large,,,
EAST NIMAR,Punasa,Atoot Khurd Benipura,अटूट खुर्द बेनीपुरा,505986,140,212,large,,,
EAST NIMAR,Mundi,Utawad,उतावाड,506050,236,437,large,,,
EAST NIMAR,Pandhana,Borgaon Buzurg,बोरगांव बुज़ुर्ग,506159,1625,2456,large,,,
BURHANPUR,Burhanpur,Jaisingpura,जयसिंहपुरा,506191,537,1256,large,,,
BURHANPUR,Burhanpur,Mordad Kalan,मोरदाद कलां,506194,97,139,medium,,,
BURHANPUR,Burhanpur,Sirsoda,सिरसोदा,506218,306,637,large,,,
BURHANPUR,Dhulcot,Rohni,रोहणी,506387,10,10,small,,,
JABALPUR,Patan,Jugia,जुगिया,916284,63,63,medium,,,
